Quarter,BucksAvg,OppAvg,MarginAvg
1,26.343291013193927,25.89793378142893,0.44535723176499786
2,25.796365446850885,25.62434652725915,0.17201891959173565
3,25.917351257157083,25.51207368683097,0.40527757032611333
4,25.745332337565348,25.67861588249938,0.06671645506596846
